title,url,content
Inicio del Programa de Titulación por Trabajo de Suficiencia Profesional 2024,https://sistemas.unmsm.edu.pe//site/slider/1213-inicio-del-programa-de-titulacion-por-trabajo-de-suficiencia-profesional,"
Se informa a los bachilleres de la Escuela Profesional de Ingeniería de Sistemas y Escuela Profesional de Ingeniería de Software de la Universidad Nacional Mayor de San Marcos, el inicio del Programa de Titulación por Trabajo de Suficiencia Profesional para Optar el Título Profesional de Ingeniero de acuerdo con la escuela que corresponda.
Requisitos:

Tener el Diploma de Bachiller emitido hace 3 años o más.
Tener experiencia laboral, la cual debe estar sustentada con un mínimo de 3 años en el ejercicio de su formación profesional a partir de la fecha de la emisión del Diploma de Bachiller. Sólo se consideran el o los documentos de sustento que incluyan fecha de inicio y fin de labores y se contabilizan solamente los períodos laborados.
Tener acceso a información y documentación respecto al Proyecto en el que participó activamente, que permitirá demostrar su suficiencia profesional en la especialidad y elaborar su Trabajo de Suficiencia Profesional (TSP).
Disponibilidad para realizar pago de inscripción al contado antes de inicio del Programa.

Cierre de registro: 3 de octubre de 2024
Para acceder al REGISTRO, debe iniciar sesión con cuenta de google.Enlace de Registro: https://forms.gle/kA4cNQowA2MDjBSw8Solicitud de información al correo: Esta dirección de correo electrónico está protegida contra spambots. Necesita activar JavaScript para visualizarla.
Comisión PTTSP
PD. Puede difundir esta información entre sus compañeros de promoción.
"
Convocatoria: Beca Permanencia 2024,https://sistemas.unmsm.edu.pe//site/slider/1208-convocatoria-beca-permanencia-2024,"
Se informa a los alumnos de la Facultad de Ingeniería de Sistemas e Informática, la apertura de la convocatoria Beca de Permanencia de Estudios Nacional – Convocatoria 2024, dirigido a estudiantes de universidades públicas.
La Beca de Permanencia, es financiada por el Ministerio de Educación a través del PRONABEC para permanecer y culminar los estudios universitarios, la cual subvenciona los siguientes conceptos:


Los requisitos figuran en el presente link https://www.pronabec.gob.pe/beca%20-permanencia/
 De reunir los requisitos exigibles, el alumno solicitará a la facultad a través del MAT: (https://tramiteonline.unmsm.edu.pe/sgdfd/mat/login) la Constancia de Matrícula (descargar formato) y Constancia de Orden de Mérito (descargar formato). Es importante indicar que la fecha límite para la presentación de solicitudes es el viernes 7 de octubre del presente (hasta las 17:00 hrs.).
Adjuntar la hoja de SISFOH (indicar pobreza o pobreza extrema) del Ministerio de Desarrollo e Inclusión Social (MIDIS).


Los datos expresados en el expediente virtual de la fase de postulación electrónica tienen carácter de declaración jurada, por lo que en caso de falsedad el/la postulante y su representante, según corresponda, asumirán las sanciones administrativas, civiles y penales respectivas.
Ciudad Universitaria, 23 de setiembre del 2023
Unidad de Matrícula
"
Sanmarket: Video tutorial,https://sistemas.unmsm.edu.pe//site/slider/1207-sanmarket-video-tutorial,"
#UNMSM | ¿Sabes cómo acceder a Sanmarket, el sistema de recaudación de la #DecanaDeAmérica? 
"
Implementación de canal de WhatsApp Bolsa de Trabajo - UNMSM,https://sistemas.unmsm.edu.pe//site/slider/1205-implementacion-de-canal-de-whastapp-bolsa-de-trabajo-unmsm,"
Se informa a los estudiantes de la Facultad de Ingeniería de Sistemas e Informática que la Unidad de Bolsa y Empleo de la Oficina de Servicio Social, está implementando el canal de difusión de WhatsApp, como parte de las mejoras de los canales de comunicación.
Ingresar a Bolsa de Trabajo – UNMSM, con el siguiente link:
https://whatsapp.com/channel/0029VaYkR1bGOj9h6osZYA1I
Gracias por la atención.
 
"
Recepción de artículos científicos RISI 2024,https://sistemas.unmsm.edu.pe//site/slider/1204-recepcion-de-articulos-cientificos-risi-2024,"
La dirección de la Revista Científica de Investigación de Sistemas e Informática (RISI), de la Facultad de Ingeniería de Sistemas e Informática de la Universidad Nacional Mayor de San Marcos, convoca a la comunidad académica en general a la presentación de artículos científicos para la edición del Vol. 17 N° 2, 2024.
RISI, publica investigaciones originales sobre ciencias de la computación, ingeniería de software, sistemas de información, tecnologías de información, ciberseguridad, ciencia de datos, gestión del conocimiento y áreas afines.
Recepción de trabajos para Vol 17 N° 2 hasta 05 de octubre del 2024
Contacto correo Esta dirección de correo electrónico está protegida contra spambots. Necesita activar JavaScript para visualizarla.
Ingresar a la plataforma Open Journal System mediante el siguiente enlace: https://revistasinvestigacion.unmsm.edu.pe/index.php/sistem
La convocatoria es permanente del 2024, Los trabajos se siguen recibiendo para ser considerados en la publicación de la siguiente edición.
 Mayor información AQUI
Dirección Revista RISI
 
"
Acceso a la Revista de Investigación - RISI 2024,https://sistemas.unmsm.edu.pe//site/slider/1200-acceso-a-la-revista-de-investigacion-risi-2024,"
La Dirección de la Revista de Ingeniería de Sistemas e Informática (RISI) informa a la comunidad académica y administrativa en general, que se encuentra a disposición el acceso del Vol. 17 - N° 1, que contiene 22 artículos de investigación.
RISI es un importante y valioso medio que difunde conocimientos en nuestra área y está dirigida a investigadores, académicos, estudiantes y profesionales en el campo.
Enlace de acceso: https://revistasinvestigacion.unmsm.edu.pe/index.php/sistem
Gracias por la atención.
"
La FISI trabaja en la implementación de la nueva Sala de Catedráticos,https://sistemas.unmsm.edu.pe//site/slider/1184-la-fisi-trabaja-en-la-implementacion-de-la-nueva-sala-de-catedraticos,"
Considerando la necesidad de contar con un espacio amplio, agradable e idóneo, en el cual cada catedrático pueda desarrollar y planificar sus actividades académicas y socializar entre sí, la actual gestión del Dr. Carlos Navarro Depaz a solicitud de nuestra Vicedecana Académica Dra. Luzmila Pró Concepción, vienen trabajando junto al equipo administrativo en la implementación de la nueva Sala de Catedráticos de nuestra facultad.
Cabe indicar que el nuevo ambiente contará con 10 cubículos equipados cada uno con 2 computadoras de última generación y, cuya estructura otorgará tranquilidad y confort visual y lumínico en el desarrollo de las labores de nuestros profesores.
Asimismo, entre las novedades significativas destaca la instalación de 2 módulos de aire acondicionado garantizando una temperatura ideal y agradable en el ambiente, así como el sistema de iluminación con nuevas e innovadoras luminarias led, que denota un ambiente agradable, generoso y propicio para el trabajo académico.
Junto a ello, se ha instalado un sistema de red inalámbrica de gran cobertura y fluidez, así como puertos de red, que facilitará el acceso a recursos digitales y mejorará la conectividad en todo el entorno. También, se han efectuado ajustes en el sistema de agua y desagüe en los baños internos, asegurando la funcionalidad y confort de las instalaciones.
Por su parte, el Dr. Carlos Navarro indicó que “esta nueva sala de catedráticos no solo representa un avance significativo en la infraestructura de la FISI, sino que también simboliza el compromiso inquebrantable de la gestión con la excelencia académica y el bienestar de docentes, personal administrativo y estudiantes”.
Finalmente, la Dra. Luzmila Pro, manifestó su beneplácito y satisfacción, señalando que la “implementación de este espacio reafirma el compromiso de la facultad en crear entornos que promuevan el desarrollo laboral, profesional e investigación de los catedráticos, ofreciendo las condiciones óptimas para que puedan desempeñar sus funciones con la máxima comodidad, eficiencia y motivación”.
Gracias por la atención.
"
UNMSM y Huawei implementarán un centro de entrenamiento tecnológico en la FISI,https://sistemas.unmsm.edu.pe//site/slider/1118-unmsm-y-huawei-implementaran-un-centro-de-entrenamiento-tecnologico-en-la-fisi,"
En una apuesta por la educación universitaria de calidad con tecnología de punta, la Universidad Nacional Mayor de San Marcos (UNMSM) y la empresa china Huawei unen esfuerzos para desarrollar un centro de entrenamiento tecnológico en la Facultad de Ingeniería de Sistemas e Informática (FISI).
Esta importante iniciativa es el resultado de una alianza estratégica entre ambas instituciones líderes y beneficiará a alrededor de 2 mil estudiantes de la facultad, así como a los colaboradores y partners de la multinacional china.
El centro de entrenamiento, que se prevé iniciar operaciones a fines de agosto, contará con equipos de última generación de Huawei y ofrecerá un amplio portafolio de soluciones de conectividad, paneles solares, acceso y comunicación fija e inalámbrica, entre otros.
Con ese propósito, una delegación del gigante asiático de las telecomunicaciones visitó la Decana de América el miércoles 19 de junio, donde fue recibida por la rectora de la UNMSM, Jeri Ramón Ruffner, acompañada del vicerrector Académico de Pregrado, Carlos Cabrera Carranza, y el decano de la FISI, Carlos Navarro Depaz.
Durante su recorrido por la facultad, los visitantes y las autoridades sanmarquinas evaluaron los ambientes y espacios físicos del futuro centro de entrenamiento, que muy pronto será una realidad y, sin duda, fortalecerá la formación académica de los estudiantes.
La rectora de la Decana de América ratificó la predisposición y el compromiso de la alta dirección de la UNMSM para concretar esta importante obra. “De nuestra parte, les daremos todas las facilidades para desarrollar este centro de entrenamiento lo antes posible, de acuerdo a sus requerimientos”, afirmó la máxima autoridad sanmarquina.
Por su parte, el decano de la FISI expresó su satisfacción con el proyecto. “Este centro, con tecnología de punta, estará disponible para la formación y capacitación de nuestros estudiantes”, indicó.
Prácticas y entrenamiento
La gerente de Relaciones Públicas de Huawei, Bleny Valdivia, destacó el impacto formativo de esta cooperación interinstitucional. “La idea es poder trabajar de manera conjunta un centro de entrenamiento de Huawei y la UNMSM, con el objetivo de que sirva para las prácticas y el entrenamiento de estudiantes sanmarquinos, así como de los trabajadores y partners de nuestra empresa”, precisó.
Valdivia también subrayó que el talento de los jóvenes sanmarquinos, que ha sobresalido en diversas competencias nacionales e internacionales de Huawei, fue un factor clave para que la compañía apostara por esta iniciativa. “Con San Marcos tenemos una larga relación de cooperación. Muchos estudiantes sanmarquinos participan de nuestros programas de responsabilidad social con resultados exitosos”, remarcó.
En esa línea, informó que la UNMSM ha ganado tres veces las competencias nacionales y regionales de conocimiento de Huawei, lo que les ha permitido estar en China en las ediciones de 2018, 2020 y 2023.
Fuente: Oficina de Imagen Institucional UNMSM
"
Asesoramiento en la prevención de la depresión,https://sistemas.unmsm.edu.pe//site/slider/824-asesoramiento-en-la-prevencion-de-la-depresion,"
La Unidad de Asesoría y Orientación al Estudiante - FISI, brinda asesoramiento de prevención de la depresión. Con el propósito de brindarte herramientas efectivas y prácticas para combatirla.
La vida está llena de altibajos y, en ocasiones, nos vemos envueltos en un estado de tristeza y desesperanza que dificulta nuestro día a día. Si estás luchando contra la depresión, queremos brindarte una oportunidad  para superar este obstáculo y recuperar tu bienestar emocional, la depresión es una enfermedad que se caracteriza por una tristeza persistente y por la pérdida de interés en las actividades con las que normalmente se disfruta, así como por la incapacidad para llevar a cabo las actividades cotidianas, afectando tu salud mental.
Te invitamos a ponerte en contacto con UNAYOE al 987 945 396 o al correo Esta dirección de correo electrónico está protegida contra spambots. Necesita activar JavaScript para visualizarla. , donde la atención puede ser presencial o virtual, aquí abordarás diversas temáticas claves para entender y enfrentar la depresión, trabajando en la identificación de tus patrones de pensamiento negativo y cómo reemplazarlos por pensamientos más constructivos y positivos.
¡No permitas que la depresión te robe tu alegría de vivir!
Ver video informativo: https://fb.watch/l-L9S8ML-V/ 
"
¿Deseas realizar tu voluntariado universitario individual?,https://sistemas.unmsm.edu.pe//site/slider/568-deseas-hacer-tu-voluntariado-universitario-individual,"
El Centro de Responsabilidad Social y Extensión Universitaria de la Facultad de Ingeniería de Sistemas e Informática de la UNMSM, informa a los estudiantes detalles del proceso para realizar el VOLUNTARIADO INDIVIDUAL.
Cabe destacar, que el Sistema de Voluntariado de la Universidad Nacional Mayor de San Marcos (SV-UNMSM) establece que es una labor o actividad que se asume de forma voluntaria, por el bien público general, prescindiendo de cualquier tipo de compensación económica.
Asimismo, indica que cada miembro u organización que integre el SV-UNMSM y que actúe en representación de esta, será la imagen de la UNMSM, defensores y portavoces de sus principios y valores. Por lo que en donde quieran que se encuentren o actúen, lo hagan de conformidad con los principios fundamentales del SVU - UNMSM.
Ver relación de instituciones que brindan servicio de voluntariado (descargar archivo).
"
FISI: Reanudación de clases presenciales (14/10/2024),https://sistemas.unmsm.edu.pe//site/noticias/35-importante/1215-fisi-reanudacion-de-clases-presenciales-14-10-2024,"
Se informa a los docentes, personal administrativo y estudiantes de la Facultad de Ingeniería de Sistemas e Informática, que en virtud al despliegue que se viene desarrollando en los trabajos de nuestra facultad, entre ellos la implementación del centro de entrenamiento tecnológico UNMSM – Huawei y el montaje e instalación del ascensor, asimismo por la suspensión de actividades académicas-administrativas por el Proceso de Admisión 2025-I y día no laborable y feriado decretado por el gobierno central, se ha considerado la reanudación de clases presenciales a partir del lunes 14 de octubre del presente año.
Agradecemos la gentil atención al presente.
Ciudad Universitaria, 2 octubre de 2024
"
Comunicado: Ampliación de desarrollo de clases en modo virtual,https://sistemas.unmsm.edu.pe//site/noticias/35-importante/1203-comunicado-ampliacion-de-desarrollo-de-clases-en-modo-virtual,"
Se informa a docentes, personal administrativo y estudiantes de la Facultad de Ingeniería de Sistemas e Informática, que debido al despliegue que se viene ejecutando en la instalación del ascensor en nuestra facultad, se ha considerado ampliar el desarrollo de las clases en modo virtual hasta el sábado 5 de octubre del presente año.
Es importante indicar que este proyecto se concretará con la construcción de rampas de unión en el segundo y tercer piso del pabellón antiguo, obra que garantizará la accesibilidad, bienestar y mejor fluidez de tránsito de nuestra comunidad FISI y público externo.
Agradecemos la gentil atención al presente.
Ciudad Universitaria, 17 de septiembre de 2024
"
Suspensión de actividades por el Proceso de Admisión 2025-II (Del 4 al 6 de octubre de 2024),https://sistemas.unmsm.edu.pe//site/noticias/35-importante/1214-suspension-de-actividades-por-el-proceso-de-admision-2025-ii-del-4-al-6-de-octubre-de-2024,"
Se informa al personal docente, administrativo y estudiantes, la suspensión de actividades académicas y administrativas en la Ciudad Universitaria de la Universidad Nacional Mayor de San Marcos, desde las desde las 00:00 horas del viernes 4 hasta las 14:00 horas del domingo 6 de octubre del 2024, por el desarrollo del Examen de Admisión 2025-I.
Gracias por la atención.
"
"Invitación al “I Congreso Internacional de Universidades Seguras, Resilientes, Sostenibles e Inteligentes, comprometidas con la Gestión del Riesgo y el Cambio Climático”",https://sistemas.unmsm.edu.pe//site/noticias/35-importante/1198-invitacion-al-i-congreso-internacional-de-universidades-seguras-resilientes-sostenibles-e-inteligentes-comprometidas-con-la-gestion-del-riesgo-y-el-cambio-climatico,"
La Oficina de Gestión del Riesgo y Adaptación al Cambio Climático - OGGRAC de la Universidad Nacional Mayor de San Marcos – UNMSM en forma conjunta con la Red Universitaria de las Américas y el Caribe para la Reducción del Riesgo de Desastres - REDULAC/RRD y el Vicerrectorado Académico de Pregrado - VRAP - UNMSM, organizan el I Congreso Internacional: Universidades Seguras, Resilientes, Sostenibles e Inteligentes, comprometidas con la Gestión del Riesgo y el Cambio Climático. Evento científico-académico a realizarse el jueves 24 y viernes 25 de octubre de 2024, en Lima - Perú. 
- Enlace de inscripción al I Congreso: https://forms.gle/1NE7LxhoFqnwrf7t5
Participan: comunidad universitaria, profesionales y a la sociedad en su conjunto a nivel nacional e internacional.
Estructura del evento: Cuatro módulos temáticos vinculados al proyecto “Hacia una Universidad Segura, Resiliente, Sostenible e Inteligente”.
Asimismo, en el marco del Congreso se está organizando el Concurso de Ponencias 2024 y el Concurso Internacional de Fotografía, que culminará con la exposición de los trabajos presentados.
Se adjunta:
- Programa del I Congreso
- Nota conceptual
- Bases del concurso de fotografía 
- Bases del concurso de ponencias
- Enlace de inscripción:
Concurso de Fotografía: https://forms.gle/UdxPjk4gDM49VzMx8
Concurso de Ponencias: https://forms.gle/q4vNS66ekHY438c19
Agradecemos la gentil atención al presente.
"
Entrega de carné universitario – Pendiente de recojo (Primer proceso 2024),https://sistemas.unmsm.edu.pe//site/noticias/35-importante/1212-entrega-de-carne-universitario-pendiente-de-recojo-primer-proceso-2024,"
Se informa a los alumnos de la Facultad de Ingeniería de Sistemas e Informática, que aún no han recogido el carné universitario, pueden acercarse a la Unidad de Matrícula – FISI hasta el 15 de octubre del presente año, en horario de 8:00 a 13:00 y de 14:00 a 15:45 hrs.
NOTA IMPORTANTE:
• Los alumnos que no pueden asistir a recoger el carné, sírvanse otorgar una CARTA PODER SIMPLE a un familiar a fin de solicitar el mismo. • Adjuntar copia de DNI de ambos. 
Unidad de Matrícula, Registros Académicos, Grados y Títulos - FISI
 
"
Guía de Elaboración de Proyectos de Investigación Formativa de la Universidad Nacional Mayor de San Marcos,https://sistemas.unmsm.edu.pe//site/noticias/35-importante/1210-guia-de-elaboracion-de-proyectos-de-investigacion-formativa-de-la-universidad-nacional-mayor-de-san-marcos,"
Se informa a la comunidad académica de la Facultad de Ingeniería de Sistemas e Informática, que, mediante Resolución Rectoral Nº 011851-2024-R/UNMSM, se aprobó la “Guía de Elaboración de Proyectos de Investigación Formativa de la Universidad Nacional Mayor de San Marcos” (descargar documento), que tiene como objetivo orientar a los estudiantes en los procesos investigativos conducentes a la realización de sus trabajos de investigación  
Agradecemos la gentil atención al presente.
"
Ministerio de la Mujer y Poblaciones Vulnerables (MIMP) inaugura Centro de Documentación,https://sistemas.unmsm.edu.pe//site/noticias/35-importante/1211-ministerio-de-la-mujer-y-poblaciones-vulnerables-mimp-inaugura-centro-de-documentacion,"
Se informa a la comunidad académica y administrativa de la Facultad de Ingeniería de Sistemas e Informática, que el Ministerio de la Mujer y Poblaciones Vulnerables―MIMP, ha inaugurado un Centro de Documentación (CENDOC), unidad de información altamente especializada, que tiene como finalidad recopilar, sistematizar y difundir el material bibliográfico y especializado a la ciudadanía.
Es importante indicar que el MIMP presenta al CENDOC con una propuesta innovadora a nivel de infraestructura y servicio, alineándose a las nuevas tendencias digitales con accesos a repositorios con producción científica nacional, internacional y de temática MIMP, a su vez, contará con ambientes para lectura grupal y personal, apuntando hacia un espacio confortable pensando en la mejora de la experiencia del usuario, quienes acuden a nuevas alternativas y herramientas en la búsqueda de información.
En virtud de lo expuesto, se invita a toda la comunidad estudiantil a conocer las renovadas instalaciones y hacer uso del centro de documentación del MIMP, que se encuentra ubicado en Jr. Camaná 616, Cercado de Lima.
"
Campaña de emisión de Carnet Único de Identidad de la UNMSM para administrativos y docentes - 2024,https://sistemas.unmsm.edu.pe//site/noticias/35-importante/1209-campana-de-emision-de-carnet-unico-de-identidad-de-la-unmsm-para-administrativos-y-docentes-2024,"
Se informa a la comunidad académica y administrativa, que la Red Telemática realizará la “Campaña de Emisión de Carnet Único de Identidad de la UNMSM - 2024 ” para el personal docente y administrativo en modalidad de designados, nombrados y CAS.
Asimismo, se ha considerado la toma de fotos del personal FISI, el lunes 14 de octubre de 2024 de 09:00 a.m. a 05:00 pm. en los ambientes de nuestra facultad.
Es importante indicar que esta campaña va dirigida al personal que al día 20 de setiembre, no ha realizado el trámite para la obtención de la credencial de identificación actualizado, resaltando que quienes hayan enviado correo electrónico hasta la fecha antes mencionada, será atendido según orden de recepción del mensaje. 
Agradecemos la gentil atención al presente.
Dirección Administrativa FISI
"
Campaña de donación voluntaria de sangre - Hospital Guillermo Almenara Irigoyen de Essalud,https://sistemas.unmsm.edu.pe//site/noticias/35-importante/1202-campana-de-donacion-voluntaria-de-sangre-hospital-guillermo-almenara-irigoyen-de-essalud,"
La Dirección General de Responsabilidad Social – UNMSM, informa a la comunidad académica y administrativa – FISI que el día 24 de setiembre de 2024, se estará realizando la Campaña de Donación Voluntaria de Sangre en la Explanada del Comedor Universitario, a cargo del Hospital Guillermo Almenara Irigoyen – Seguro Social de Salud – ESSALUD.
Asimismo, los días martes 17 y lunes 23 de setiembre se realizará una campaña de charlas de sensibilización en la ciudad universitaria, para explicar el proceso, absolver dudas y animar a participar a la comunidad sanmarquina en la donación voluntaria de sangre.
Agradecemos la atención al presente.
 Dirección General de Responsabilidad Social – UNMSM
"
Convocatoria de practicante en calidad de bolsa de trabajo,https://sistemas.unmsm.edu.pe//site/noticias/38-oportunidad-laboral/1201-convocatoria-de-practicante-en-calidad-de-bolsa-de-trabajo,"
La Unidad de Estadística e Informática de la Facultad de Ciencias Matemáticas, requiere un alumno practicante en calidad de bolsa de trabajo.
Requisitos: 

Ser estudiante de pregrado de la carrera de Ingeniería de Sistemas o Ingeniería de Software con matrícula vigente.
No tener matrícula observada.
Disponibilidad para trabajar sábado de 8:00 a 14:00 hrs.

Presentar:

Historial académico
Reporte de matrícula
DNI

Con conocimiento en:

Redes Informáticas
Arquitectura de red
Diseño de páginas web

Importante:
Los interesados acercarse del 17 al 20 de setiembre a la Unidad de Estadística e Informática de la Facultad de Ciencias Matemáticas (Contacto: Sr. Manuel Aguero Zapata). 
Horario de atención: 9:00 a 13:00 hrs. y de 14:00 a 15:45 hrs.
Gracias por la atención
Ciudad universitaria 17 de setiembre, 2024
"
Jordania – Lanzamiento del Sistema Electrónico Unificado de Admisión Universitaria,https://sistemas.unmsm.edu.pe//site/noticias/35-importante/1199-jordania-lanzamiento-del-sistema-electronico-unificado-de-admision-universitaria,"
Atención estudiantes de la Facultad de Ingeniería de Sistema e Informática – UNMSM;
La Dirección de Relaciones Educativas y del Deporte del Ministerio de Relaciones Exteriores ha hecho de conocimiento al Ministerio de Educación, que la Embajada del Perú en Brasil ha recibido información de la Embajada de Jordania en dicho país, donde se comunica que el Ministerio de Educación Superior e Investigación Científica de Jordania ha lanzado el sistema electrónico unificado de admisión, a través del cual los estudiantes peruanos y otros interesados en realizar estudios universitarios en Jordania durante el periodo 2024-2025 podrán postular. 
Para acceder al sistema de admisión, utilice el siguiente enlace: https://studyinjordan.jo/isaapp/ISALoginAr.aspx
Agradecemos la gentil atención al presente.
"
"Suspensión de actividades académicas y administrativas en la UNMSM (18 y 30 de octubre, 2024)",https://sistemas.unmsm.edu.pe//site/noticias/35-importante/1196-suspension-de-actividades-academicas-y-administrativas-en-la-unmsm-18-y-30-de-octubre-2024,"
Se informa a la comunidad sanmarquina que mediante Resolución Rectoral Nº 011476-2024-R se resuelve lo siguiente:
“Suspender las actividades académicas y administrativas en la Universidad Nacional Mayor de San Marcos, los días viernes 18 y miércoles 30 de octubre del 2024, con la finalidad de llevar a cabo el proceso electoral 2024, correspondiente a las ELECCIONES DE DECANOS, REPRESENTANTES DE LOS DOCENTES PRINCIPALES Y ASOCIADOS ANTE LA ASAMBLEA UNIVERSITARIA Y CONSEJOS DE FACULTAD Y REPRESENTANTES ESTUDIANTILES ANTE LA ASAMBLEA UNIVERSITARIA, CONSEJO UNIVERSITARIO Y CONSEJOS DE FACULTAD.”
Gracias por la atención.
"
Apoyo al Grupo de Investigación Calidad de Vida Laboral – Facultad de Psicología,https://sistemas.unmsm.edu.pe//site/noticias/35-importante/1194-apoyo-al-grupo-de-investigacion-calidad-de-vida-laboral-facultad-de-psicologia,"
Estimados estudiantes de la FISI:
Hacemos llegar nuestros saludos cordiales. Actualmente el grupo de investigación Calidad de Vida Laboral (CAVILA) de la Facultad de Psicología UNMSM  solicita el apoyo de los estudiantes de nuestra Facultad para responder de manera anónima el cuestionario virtual sobre “Representaciones sociales y actitudes hacia la inteligencia artificial en la comunidad estudiantil de la Universidad Nacional Mayor de San Marcos”. 
Cabe indicar que dicha información será utilizada solamente con fines de investigación. 
Se adjunta el enlace virtual del cuestionario:
https://docs.google.com/forms/d/13K-FTmf333IDBXOBagWfgKPPduFy125WxqAoS_JHegU/edit?usp=drivesdk
Gracias.
Atentamente
Grupo de investigación Calidad de Vida Laboral (CAVILA)
"
Comunicado: Carné Universitario - Primer rezagados año 2024,https://sistemas.unmsm.edu.pe//site/noticias/35-importante/1193-comunicado-carne-universitario-primer-rezagados-ano-2024,"
Se informa a los alumnos de la Facultad de Ingeniería de Sistemas e Informática que se encuentran matriculados en el semestre académico 2024-2, el inicio del TRÁMITE DE PROCESO DE REZAGADOS DE CARNÉ UNIVERSITARIO 2024.
Precisando:

Deberán verificar su imagen en el SUM: https://sum.unmsm.edu.pe/presentacion.htm
El proceso se realizará a través del sistema MAT https://tramiteonline.unmsm.edu.pe/sgdfd/mat/
Adjuntar copia del reporte de matrícula del semestre 2024-2.
Adjuntar copia del D.N.I de ambas caras - Debe ser legible.
Pago por derecho al carné universitario: S/ 11.50 soles, abonar en el Banco Pichincha (concepto 201-302)
Fecha de trámite: Del 09 al 16 de setiembre del 2024. 

En el reverso del voucher colocar con letra legible nombres y apellidos completos, escuela profesional, DNI, además debe colocar “Carné Universitario Rezagados 2024”.
Nota importante:

Las solicitudes se recepcionarán del 9 al 16 de setiembre 2024 (el 16 solo hasta las 17:00 horas).
De no visualizar su foto en el sistema SUM comunicar al correo Esta dirección de correo electrónico está protegida contra spambots. Necesita activar JavaScript para visualizarla.

Ciudad Universitaria, 6 de setiembre del 2024.
VICEDECANATO ACADEMICO 
"
RRHH - UNMSM: Programación de charlas - Setiembre 2024,https://sistemas.unmsm.edu.pe//site/noticias/35-importante/1189-rrhh-unmsm-charlas-programadas-setiembre-2024,"
Se informa a la comunidad administrativa - FISI, que la Oficina General de Recursos Humanos a través de la Unidad de Bienestar Social – Capacitación, realizarán las siguientes charlas dirigidas al personal administrativo de facultades y dependencias de la UNMSM.
Charla virtual: Prevención de Riesgos Laborales Asociados a las Actividades de Limpieza

Día y hora: viernes 6 de setiembre de 2024 - 10:00 – 1:00 am
Enlace de ingreso a sala meet: https://meet.google.com/oca-hahx-yji?authuser=1

Curso taller: Propagación de Plantas Ornamentales y Manejo de Podas de Árboles y Arbustos

Día y hora: lunes 9 de setiembre de 2024 - 2:00 a 4:00 pm. (dirigido al personal de jardines).
Lugar: Jardines Botánicos

Charla virtual: Calidad de Atención al Usuario

Día y hora: miércoles 18 de setiembre de 2024 - 2:00 a 4:00pm.
Enlace de ingreso a sala meet: https://meet.google.com/dwepbpf-jdr?authuser=1

Charla virtual: Prevención del Hostigamiento Sexual en el Trabajo

Día y hora:  jueves 19 de setiembre de 2024 - 2:00 a 4:00 pm.
Enlace de ingreso a sala meet: https://meet.google.com/dwe-pbpf-jdr?authuser=1

Charla virtual: ISO 9001, Sistema de Gestión de Calidad,

Dia y hora: viernes 27 de setiembre de 2024 - 2:00 a 4:00 pm
Enlace de ingreso a sala meet: https://meet.google.com/oca-hahx-yji?authuser=1

Asimismo, se informa que las inscripciones se pueden realizar en la página web de la Oficina General de Recursos Humanos: https://talenthum-unmsm.site/sistema/inscripciones/
Agradecemos su gentil atención.
"
Encuesta: Política ambiental de la Universidad Nacional Mayor de San Marcos al año 2030.,https://sistemas.unmsm.edu.pe//site/noticias/35-importante/1050-encuesta-politica-ambiental-de-la-universidad-nacional-mayor-de-san-marcos-al-ano-2030,"
La jefatura de Unidad de la Oficina de Gestión de Extensión Universitaria y Proyección Social, invita a la comunidad sanmarquina a participar en la encuesta sobre: ""POLÍTICA AMBIENTAL DE LA UNIVERSIDAD NACIONAL MAYOR DE SAN MARCOS- 2030"".
Su opinión y sugerencias será de gran importancia.
Enlace de formulario: https://forms.office.com/r/a36E7uifVN?origin=lprLink
Agradecemos su gentil atención.
"
Colaboración: Llenado de formulario sobre factores asociados a la violencia de la pareja en estudiantes de una universidad pública de Lima,https://sistemas.unmsm.edu.pe//site/noticias/35-importante/1166-colaboracion-llenado-de-formulario-sobre-factores-asociados-a-la-violencia-de-la-pareja-en-estudiantes-de-una-universidad-publica-de-lima,"
Buen día estimados estudiantes FISI, compartimos el pedido del docente Marcoantonio Rivera Felix, profesor de la Facultad de Medicina de nuestra casa de estudio, parte del equipo del Grupo de Investigación “Salud de las poblaciones vulnerables” [SANARE https://vrip.unmsm.edu.pe/sanare/ ] de la UNMSM, quien solicita colaboración en su trabajo de investigación:
****************************
Nuestro cuestionario consiste en un “formulario sobre factores asociados a la violencia de la pareja en estudiantes de una universidad pública de Lima”. 
Formulario: https://forms.gle/pKMYGAfcNu2MF4Dh6
La búsqueda es especialmente difícil porque (sorprendentemente) existe escasa bibliografía al respecto en Perú, por lo que necesitamos absolutamente toda la ayuda para obtener los resultados.
Por ello, el profesor Rivera desearía que esta investigación se difunda entre las y los estudiantes de la escuela y facultad, sus compañeros y amigos que estudian en San Marcos. Se debe obtener información de cada año de estudio de tu escuela y facultad de la universidad.
Tu ayuda es EXTREMADAMENTE importante para nuestra investigación.
¡Gracias!, sé de tu ayuda
Un saludo cordialMarcoantonio Rivera Felix
"
"Convocatoria al Programa ""Asociación de Investigación en Ciencia y Tecnología para el Desarrollo Sostenible (SATREPS)” - 2025",https://sistemas.unmsm.edu.pe//site/noticias/35-importante/1149-convocatoria-al-programa-asociacion-de-investigacion-en-ciencia-y-tecnologia-para-el-desarrollo-sostenible-satreps-2025,"
La Agencia Peruana de Cooperación Internacional (APCI) informa que la Embajada del Japón ha comunicado la apertura de la convocatoria al Programa ""Asociación de Investigación en Ciencia y Tecnología para el Desarrollo Sostenible (SATREPS)” por sus siglas en inglés, correspondiente al año fiscal japonés 2025, con el propósito que las instituciones públicas y la academia, puedan presentar propuestas de proyecto.
El citado programa está orientado a promover la investigación conjunta internacional entre el Perú y Japón. 
Los interesados deben aplicar el formato “Aplication form for Japan’s Technical Cooperation” que deberá ser llenado en el idioma inglés.
Mayor información puede ingresar al siguiente link: https://www.jica.go.jp/english/activities/schemes/science/satreps.html
Asimismo, debe tener en consideración la vinculación que debe establecer con una entidad japonesa contraparte que puede ser una universidad o un instituto de investigación científica, con la cual debe coordinar la propuesta SATREPS a fin de cumplir con todos los requisitos establecidos en el formato.
Cualquier consulta sobre el particular, podrá tomar contacto con el señor Jorge Samanez al correo electrónico Esta dirección de correo electrónico está protegida contra spambots. Necesita activar JavaScript para visualizarla. y la señora Ana Lucía Cosamalón Aguilar, al correo electrónico Esta dirección de correo electrónico está protegida contra spambots. Necesita activar JavaScript para visualizarla.
Las propuestas de proyecto deberán ser presentadas de manera oficial a la APCI hasta el día viernes 20 de septiembre 2024, a través de mesa de partes digital de la APCI http://d-tramite.apci.gob.pe/mesa-de-partes-virtual/  pudiendo ser remitido previamente a las direcciones electrónicas indicadas. 
Gracias por la atención.
"
Directiva para el uso del servicio de correo electrónico institucional,https://sistemas.unmsm.edu.pe//site/noticias/35-importante/1059-directiva-para-el-uso-del-servicio-de-correo-electronico-institucional,"
Se informa a la comunidad académica y administrativa de la Facultad de Ingeniería de Sistemas e Informática, la directiva que regula el uso del servicio de correo electrónico a través de normas y procedimientos de aplicación obligatoria en todas las dependencias y facultades.
Ver directiva 
Gracias por la atención
"
"Capacitación prioritarias para el desarrollo del Servicio Civil, correspondiente al ciclo 2024-2026.",https://sistemas.unmsm.edu.pe//site/noticias/35-importante/1042-capacitacion-prioritarias-para-el-desarrollo-del-servicio-civil-correspondiente-al-ciclo-2024-2026,"
La Oficina General de Recursos Humanos, informa al personal administrativo de la UNMSM, la oferta formativa que viene desarrollando la Escuela Nacional Pública y Ente Rectores sobre las materias de capacitación prioritarias para el servicio civil correspondientes a los Cursos MOOC (sin límite de vacantes) programados a ejecutarse durante todo o gran parte del presente año.
Se adjunta ofertas formativas para el segundo trimestre 2024, verificar la programación de cada curso (descargar archivo).
Gracias por la atención.
"
INDECOPI implementa nuevo registro virtual de obras para creadores de software,https://sistemas.unmsm.edu.pe//site/noticias/35-importante/1017-indecopi-implementa-nuevo-registro-virtual-de-obras-para-creadores-de-software,"
Se informa a la comunidad académica y administrativa de la Facultad de Ingeniería de Sistemas e Informática que, la habilitación del servicio de registro de programas de ordenador mediante la plataforma de Registro Virtual de Obras de la Dirección de Derecho de Autor del INDECOPI, para que los programadores de software registren sus creaciones de manera totalmente digital.
El servicio de registro de programas de ordenador requiere ingresar al enlace: - https://www.gob.pe/10562- registrar-una-obra-en-el-indecopi
Asimismo, realizar el pago de la tasa de registro a través del Banco de la Nación o vía la plataforma Págalo.pe, se recomienda proceder con dicho registro para tener una fecha cierta de creación de la obra, así como una prueba idónea tanto de la autoría como de la titularidad, en caso alguien quiera usarla sin permiso.
Gracias por la atención.
"
Comunicado: Vigencia del Bachillerato Automático,https://sistemas.unmsm.edu.pe//site/noticias/35-importante/1007-comunicado-vigencia-del-bachillerato-automatico,"
Se informa a los alumnos de la Facultad de Ingeniería de Sistemas e Informática, que el 30 de diciembre de 2023, se publicó en el Diario Oficial El Peruano la ley 31971 que amplía el plazo para que las universidades públicas y privadas accedan al bachillerato automático hasta el 31 de marzo de 2024.
 

45.1 GRADO DE BACHILLER: “Requiere haber aprobado los estudios de pregrado y el conocimiento de un idioma extranjero, de preferencia inglés o lengua nativa. Los estudios de pregrado incluyen un curso de trabajo de investigación que se sigue en el último semestre de estudios de cada carrera.”
Ciudad Universitaria, 01 marzo de 2024 
Unidad de Matrícula - Vicedecanato Académico
"
"COMUNICADO: FUNCIONARIOS Y SERVIDORES PÚBLICOS DE LA UNMSM QUE DECLARAN CINCO O MENOS PARIENTES EN SU DECLARACIÓN JURADA DE CONFLICTO DE INTERESES, EN REFERENCIA AL INDICE DE CORRUPCIÓN E INCONDUCTA FUNCIONAL (INCO) DE LA CONTRALORÍA.",https://sistemas.unmsm.edu.pe//site/noticias/35-importante/920-comunicado-funcionarios-y-servidores-publicos-de-la-unmsm-que-declaran-cinco-o-menos-parientes-en-su-declaracion-jurada-de-conflicto-de-intereses-en-referencia-al-indice-de-corrupcion-e-inconducta-funcional-inco-de-la-contraloria,"
La Dirección General de Administración de la Universidad Nacional Mayor de San Marcos, informa:
"
Documento: Código de Comportamiento Ético y Política de Conflicto de Intereses de la Universidad Nacional Mayor de San Marcos,https://sistemas.unmsm.edu.pe//site/noticias/35-importante/895-documento-codigo-de-comportamiento-etico-y-politica-de-conflicto-de-intereses-de-la-universidad-nacional-mayor-de-san-marcos,"
Se informa a la comunidad académica y administrativa de la Facultad de Ingeniería de Sistemas e Informática, que la Universidad Nacional Mayor de San Marcos cuenta con un documento denominado “Código de Comportamiento Ético y Política de Conflicto de Intereses de la Universidad Nacional Mayor de San Marcos” aprobado mediante Resolución Rectoral N°000956- 2022-R/UNMSM, de fecha 31 de enero del 2022.
Este documento constituye un conjunto de normas éticas de referencia y de cumplimiento obligatorio que deben regir el comportamiento personal, laboral y profesional de los integrantes de la comunidad sanmarquina.
Documento: Código de comportamiento ético y política de conflicto de intereses de la Universidad Nacional Mayor de San Marcos (descargar archivo).
Agradecemos la atención al presente.
"
Comunicado: Requisitos para tramitar el Grado Académico de Bachiller y Título Profesional,https://sistemas.unmsm.edu.pe//site/noticias/35-importante/772-comunicado-requisitos-para-tramitar-el-grado-academico-de-bachiller-y-titulo-profesional,"
Se informa a los egresados de la Escuela Profesional de Ingeniería de Sistemas y Escuela Profesional de Ingeniería de Software de la Facultad de Ingeniería de Sistemas e Informática – UNMSM, lo siguiente:
A partir del mes de junio del presente año, los requisitos para tramitar el Grado Académico de Bachiller (descargar archivo actualizado) y el Título Profesional (descargar archivo) se regirán según disposiciones de GRADOS Y TÍTULOS – SECRETARÍA GENERAL – UNMSM, las mismas que se encuentran acorde a SUNEDU.
Vicedecanato Académico
"
"Aspectos para la prestaciÃ³n de servicios educativos en relaciÃ³n al acceso, permanencia y progresiÃ³n de las personas con discapacidad.",https://sistemas.unmsm.edu.pe//site/noticias/35-importante/496-aspectos-para-la-prestacion-de-servicios-educativos-en-relacion-al-acceso-permanencia-y-progresion-de-las-personas-con-discapacidad,"
Se informa a la comunidad acadÃ©mica y administrativa de la Facultad de IngenierÃ­a de Sistemas e InformÃ¡tica - UNMSM, que en relaciÃ³n al Oficio MÃºltiple NÂ°00047-2022-MINEDU/VMGP-DIGESU, remitido por el Consejo Nacional para la IntegraciÃ³n de la Persona con Discapacidad -  CONADIS, sobre la importancia de contar con mecanismos de accesibilidad y de brindar ajustes razonable para garantizar que las y los estudiantes con discapacidad accedan a una educaciÃ³n superior de calidad.
Al respecto, el CONADIS seÃ±ala que las universidades pÃºblicas y privadas deben garantizar el acceso, la permanencia y progresiÃ³n de las personas con discapacidad, para lo cual deben considerar los siguientes aspectos para la presentaciÃ³n de sus servicios educativos:
a) Deben cumplir con la reserva del 5% de las vacantes ofrecidas en sus procesos de admisiÃ³n por especialidad profesional garantizando, entre otros, las condiciones de accesibilidad y el otorgamiento de ajustes razonables.
b) Deben garantizar la accesibilidad de la infraestructura y seÃ±alizaciÃ³n adecuada al interior del campus, de acuerdo a la normatividad vigente.
c) Las plataformas virtuales (pÃ¡ginas web, campus virtual, entre otros) deben ser accesibles, por ejemplo, con sistemas que permitan el uso de lectores de pantalla.
d) Evaluar la posibilidad de crear becas para los estudiantes con discapacidad, como un tipo de incentivo para promover la permanencia en la universidad y pueda culminar sus estudios, en caso tengan problemas econÃ³micos.
e) Deben realizar los ajustes necesarios en el dictado de clases, lo cual puede implicar:
i. Capacitar a los docentes y pre docentes para el uso de herramientas para que puedan atender las necesidades de aprendizaje de sus estudiantes con discapacidad.
ii. Adecuar la metodologÃ­a utilizada en clase.
iii. Otorgar los ajustes razonables que sean solicitados por cada estudiante.
f) Deben contar con informaciÃ³n y conocer las necesidades y barreras que puedan enfrentar los estudiantes con discapacidad.
g) Las y los docentes y pre docentes deben estar plenamente capacitados en el modelo social de la discapacidad basado en los derechos humanos y la pedagogÃ­a inclusiva. AdemÃ¡s, se han de evaluar las herramientas que se utilizarÃ¡n para el dictado de las clases y los materiales y recursos complementarios que se van a utilizar.
h) Deben realizar campaÃ±as de sensibilizaciÃ³n para la toma de conciencia dirigida a la comunidad educativa a fin de garantizar un trato igualitario y que se fomente una actitud de respeto de los derechos de las personas con discapacidad.
"
